<?xml version="1.0" encoding="UTF-8"?>
<checkstyle version="6.2">
<file name="G:\nju\学习\SE2\SE2TEAM_doc\express-demo-master-master\client\src\main\java\edu\nju\expressMgmtSys\client\Client.java">
<error line="0" severity="error" message="File does not end with a newline." source="com.puppycrawl.tools.checkstyle.checks.NewlineAtEndOfFileCheck"/>
<error line="0" severity="error" message="Missing package-info.java file." source="com.puppycrawl.tools.checkstyle.checks.javadoc.JavadocPackageCheck"/>
<error line="5" severity="error" message="Missing a Javadoc comment." source="com.puppycrawl.tools.checkstyle.checks.javadoc.JavadocTypeCheck"/>
<error line="5" column="1" severity="error" message="Utility classes should not have a public or default constructor." source="com.puppycrawl.tools.checkstyle.checks.design.HideUtilityClassConstructorCheck"/>
<error line="7" column="5" severity="error" message="Missing a Javadoc comment." source="com.puppycrawl.tools.checkstyle.checks.javadoc.JavadocMethodCheck"/>
<error line="7" column="29" severity="error" message="Parameter args should be final." source="com.puppycrawl.tools.checkstyle.checks.FinalParametersCheck"/>
</file>
<file name="G:\nju\学习\SE2\SE2TEAM_doc\express-demo-master-master\client\src\main\java\edu\nju\expressMgmtSys\client\RMIHelper.java">
<error line="0" severity="error" message="File does not end with a newline." source="com.puppycrawl.tools.checkstyle.checks.NewlineAtEndOfFileCheck"/>
<error line="10" severity="error" message="Missing a Javadoc comment." source="com.puppycrawl.tools.checkstyle.checks.javadoc.JavadocTypeCheck"/>
<error line="10" column="1" severity="error" message="Utility classes should not have a public or default constructor." source="com.puppycrawl.tools.checkstyle.checks.design.HideUtilityClassConstructorCheck"/>
<error line="11" column="5" severity="error" message="Missing a Javadoc comment." source="com.puppycrawl.tools.checkstyle.checks.javadoc.JavadocVariableCheck"/>
<error line="11" column="50" severity="error" message="&apos;;&apos; is not followed by whitespace." source="com.puppycrawl.tools.checkstyle.checks.whitespace.WhitespaceAfterCheck"/>
<error line="12" column="5" severity="error" message="Missing a Javadoc comment." source="com.puppycrawl.tools.checkstyle.checks.javadoc.JavadocVariableCheck"/>
<error line="14" column="5" severity="error" message="Missing a Javadoc comment." source="com.puppycrawl.tools.checkstyle.checks.javadoc.JavadocMethodCheck"/>
<error line="16" severity="error" message="Line is longer than 80 characters (found 91)." source="com.puppycrawl.tools.checkstyle.checks.sizes.LineLengthCheck"/>
<error line="27" column="5" severity="error" message="Missing a Javadoc comment." source="com.puppycrawl.tools.checkstyle.checks.javadoc.JavadocMethodCheck"/>
</file>
<file name="G:\nju\学习\SE2\SE2TEAM_doc\express-demo-master-master\client\src\main\java\edu\nju\expressMgmtSys\service\OrderService.java">
<error line="0" severity="error" message="File does not end with a newline." source="com.puppycrawl.tools.checkstyle.checks.NewlineAtEndOfFileCheck"/>
<error line="0" severity="error" message="Missing package-info.java file." source="com.puppycrawl.tools.checkstyle.checks.javadoc.JavadocPackageCheck"/>
<error line="8" severity="error" message="Missing a Javadoc comment." source="com.puppycrawl.tools.checkstyle.checks.javadoc.JavadocTypeCheck"/>
<error line="8" column="45" severity="error" message="&apos;{&apos; is not preceded with whitespace." source="com.puppycrawl.tools.checkstyle.checks.whitespace.WhitespaceAroundCheck"/>
<error line="10" column="5" severity="error" message="Missing a Javadoc comment." source="com.puppycrawl.tools.checkstyle.checks.javadoc.JavadocMethodCheck"/>
<error line="12" column="5" severity="error" message="Missing a Javadoc comment." source="com.puppycrawl.tools.checkstyle.checks.javadoc.JavadocMethodCheck"/>
</file>
<file name="G:\nju\学习\SE2\SE2TEAM_doc\express-demo-master-master\client\src\main\java\edu\nju\expressMgmtSys\view\AddOrderDialog.java">
<error line="0" severity="error" message="File does not end with a newline." source="com.puppycrawl.tools.checkstyle.checks.NewlineAtEndOfFileCheck"/>
<error line="0" severity="error" message="Missing package-info.java file." source="com.puppycrawl.tools.checkstyle.checks.javadoc.JavadocPackageCheck"/>
<error line="25" column="44" severity="error" message="&apos;{&apos; is not preceded with whitespace." source="com.puppycrawl.tools.checkstyle.checks.whitespace.WhitespaceAroundCheck"/>
<error line="26" column="1" severity="error" message="File contains tab characters (this is the first instance)." source="com.puppycrawl.tools.checkstyle.checks.whitespace.FileTabCharacterCheck"/>
<error line="26" column="9" severity="error" message="Missing a Javadoc comment." source="com.puppycrawl.tools.checkstyle.checks.javadoc.JavadocVariableCheck"/>
<error line="28" column="5" severity="error" message="Missing a Javadoc comment." source="com.puppycrawl.tools.checkstyle.checks.javadoc.JavadocMethodCheck"/>
<error line="28" column="27" severity="error" message="Parameter parent should be final." source="com.puppycrawl.tools.checkstyle.checks.FinalParametersCheck"/>
<error line="28" column="42" severity="error" message="&apos;parent&apos; hides a field." source="com.puppycrawl.tools.checkstyle.checks.coding.HiddenFieldCheck"/>
<error line="30" severity="error" message="Line has trailing spaces." source="com.puppycrawl.tools.checkstyle.checks.regexp.RegexpSinglelineCheck"/>
<error line="32" column="22" severity="error" message="&apos;500&apos; is a magic number." source="com.puppycrawl.tools.checkstyle.checks.coding.MagicNumberCheck"/>
<error line="32" column="27" severity="error" message="&apos;600&apos; is a magic number." source="com.puppycrawl.tools.checkstyle.checks.coding.MagicNumberCheck"/>
<error line="36" severity="error" message="Line has trailing spaces." source="com.puppycrawl.tools.checkstyle.checks.regexp.RegexpSinglelineCheck"/>
<error line="37" column="5" severity="error" message="Missing a Javadoc comment." source="com.puppycrawl.tools.checkstyle.checks.javadoc.JavadocVariableCheck"/>
<error line="37" column="19" severity="error" message="Variable &apos;senderPanel&apos; must be private and have accessor methods." source="com.puppycrawl.tools.checkstyle.checks.design.VisibilityModifierCheck"/>
<error line="38" column="5" severity="error" message="Missing a Javadoc comment." source="com.puppycrawl.tools.checkstyle.checks.javadoc.JavadocVariableCheck"/>
<error line="38" column="19" severity="error" message="Variable &apos;receiverPanel&apos; must be private and have accessor methods." source="com.puppycrawl.tools.checkstyle.checks.design.VisibilityModifierCheck"/>
<error line="39" column="5" severity="error" message="Missing a Javadoc comment." source="com.puppycrawl.tools.checkstyle.checks.javadoc.JavadocVariableCheck"/>
<error line="39" column="20" severity="error" message="Variable &apos;commodityPanel&apos; must be private and have accessor methods." source="com.puppycrawl.tools.checkstyle.checks.design.VisibilityModifierCheck"/>
<error line="40" column="5" severity="error" message="Missing a Javadoc comment." source="com.puppycrawl.tools.checkstyle.checks.javadoc.JavadocVariableCheck"/>
<error line="40" column="22" severity="error" message="Variable &apos;expressInfoPanel&apos; must be private and have accessor methods." source="com.puppycrawl.tools.checkstyle.checks.design.VisibilityModifierCheck"/>
<error line="42" severity="error" message="Missing a Javadoc comment." source="com.puppycrawl.tools.checkstyle.checks.javadoc.JavadocTypeCheck"/>
<error line="43" column="9" severity="error" message="Missing a Javadoc comment." source="com.puppycrawl.tools.checkstyle.checks.javadoc.JavadocMethodCheck"/>
<error line="48" severity="error" message="Line has trailing spaces." source="com.puppycrawl.tools.checkstyle.checks.regexp.RegexpSinglelineCheck"/>
<error line="49" severity="error" message="Line is longer than 80 characters (found 82)." source="com.puppycrawl.tools.checkstyle.checks.sizes.LineLengthCheck"/>
<error line="51" severity="error" message="Line has trailing spaces." source="com.puppycrawl.tools.checkstyle.checks.regexp.RegexpSinglelineCheck"/>
<error line="52" severity="error" message="Line is longer than 80 characters (found 84)." source="com.puppycrawl.tools.checkstyle.checks.sizes.LineLengthCheck"/>
<error line="54" severity="error" message="Line has trailing spaces." source="com.puppycrawl.tools.checkstyle.checks.regexp.RegexpSinglelineCheck"/>
<error line="55" severity="error" message="Line is longer than 80 characters (found 89)." source="com.puppycrawl.tools.checkstyle.checks.sizes.LineLengthCheck"/>
<error line="57" severity="error" message="Line has trailing spaces." source="com.puppycrawl.tools.checkstyle.checks.regexp.RegexpSinglelineCheck"/>
<error line="60" severity="error" message="Line has trailing spaces." source="com.puppycrawl.tools.checkstyle.checks.regexp.RegexpSinglelineCheck"/>
<error line="65" severity="error" message="Missing a Javadoc comment." source="com.puppycrawl.tools.checkstyle.checks.javadoc.JavadocTypeCheck"/>
<error line="65" column="58" severity="error" message="&apos;{&apos; is not preceded with whitespace." source="com.puppycrawl.tools.checkstyle.checks.whitespace.WhitespaceAroundCheck"/>
<error line="68" column="45" severity="error" message="Parameter e should be final." source="com.puppycrawl.tools.checkstyle.checks.FinalParametersCheck"/>
<error line="70" severity="error" message="Line is longer than 80 characters (found 86)." source="com.puppycrawl.tools.checkstyle.checks.sizes.LineLengthCheck"/>
<error line="71" severity="error" message="Line is longer than 80 characters (found 86)." source="com.puppycrawl.tools.checkstyle.checks.sizes.LineLengthCheck"/>
<error line="72" severity="error" message="Line is longer than 80 characters (found 85)." source="com.puppycrawl.tools.checkstyle.checks.sizes.LineLengthCheck"/>
<error line="73" severity="error" message="Line is longer than 80 characters (found 84)." source="com.puppycrawl.tools.checkstyle.checks.sizes.LineLengthCheck"/>
<error line="74" severity="error" message="Line is longer than 80 characters (found 128)." source="com.puppycrawl.tools.checkstyle.checks.sizes.LineLengthCheck"/>
<error line="76" severity="error" message="Line is longer than 80 characters (found 84)." source="com.puppycrawl.tools.checkstyle.checks.sizes.LineLengthCheck"/>
<error line="77" severity="error" message="Line is longer than 80 characters (found 90)." source="com.puppycrawl.tools.checkstyle.checks.sizes.LineLengthCheck"/>
<error line="78" severity="error" message="Line is longer than 80 characters (found 90)." source="com.puppycrawl.tools.checkstyle.checks.sizes.LineLengthCheck"/>
<error line="79" severity="error" message="Line is longer than 80 characters (found 89)." source="com.puppycrawl.tools.checkstyle.checks.sizes.LineLengthCheck"/>
<error line="80" severity="error" message="Line is longer than 80 characters (found 88)." source="com.puppycrawl.tools.checkstyle.checks.sizes.LineLengthCheck"/>
<error line="81" severity="error" message="Line is longer than 80 characters (found 140)." source="com.puppycrawl.tools.checkstyle.checks.sizes.LineLengthCheck"/>
<error line="82" severity="error" message="Line has trailing spaces." source="com.puppycrawl.tools.checkstyle.checks.regexp.RegexpSinglelineCheck"/>
<error line="83" severity="error" message="Line is longer than 80 characters (found 94)." source="com.puppycrawl.tools.checkstyle.checks.sizes.LineLengthCheck"/>
<error line="84" severity="error" message="Line is longer than 80 characters (found 86)." source="com.puppycrawl.tools.checkstyle.checks.sizes.LineLengthCheck"/>
<error line="85" severity="error" message="Line is longer than 80 characters (found 96)." source="com.puppycrawl.tools.checkstyle.checks.sizes.LineLengthCheck"/>
<error line="86" severity="error" message="Line is longer than 80 characters (found 86)." source="com.puppycrawl.tools.checkstyle.checks.sizes.LineLengthCheck"/>
<error line="87" severity="error" message="Line is longer than 80 characters (found 96)." source="com.puppycrawl.tools.checkstyle.checks.sizes.LineLengthCheck"/>
<error line="88" severity="error" message="Line is longer than 80 characters (found 86)." source="com.puppycrawl.tools.checkstyle.checks.sizes.LineLengthCheck"/>
<error line="89" severity="error" message="Line is longer than 80 characters (found 86)." source="com.puppycrawl.tools.checkstyle.checks.sizes.LineLengthCheck"/>
<error line="90" severity="error" message="Line is longer than 80 characters (found 126)." source="com.puppycrawl.tools.checkstyle.checks.sizes.LineLengthCheck"/>
<error line="91" severity="error" message="Line has trailing spaces." source="com.puppycrawl.tools.checkstyle.checks.regexp.RegexpSinglelineCheck"/>
<error line="92" severity="error" message="Line is longer than 80 characters (found 85)." source="com.puppycrawl.tools.checkstyle.checks.sizes.LineLengthCheck"/>
<error line="93" severity="error" message="Line is longer than 80 characters (found 105)." source="com.puppycrawl.tools.checkstyle.checks.sizes.LineLengthCheck"/>
<error line="94" severity="error" message="Line is longer than 80 characters (found 92)." source="com.puppycrawl.tools.checkstyle.checks.sizes.LineLengthCheck"/>
<error line="96" severity="error" message="Line has trailing spaces." source="com.puppycrawl.tools.checkstyle.checks.regexp.RegexpSinglelineCheck"/>
<error line="97" column="46" severity="error" message="&apos;;&apos; is not followed by whitespace." source="com.puppycrawl.tools.checkstyle.checks.whitespace.WhitespaceAfterCheck"/>
<error line="98" severity="error" message="Line has trailing spaces." source="com.puppycrawl.tools.checkstyle.checks.regexp.RegexpSinglelineCheck"/>
<error line="99" severity="error" message="Line is longer than 80 characters (found 123)." source="com.puppycrawl.tools.checkstyle.checks.sizes.LineLengthCheck"/>
<error line="100" severity="error" message="Line has trailing spaces." source="com.puppycrawl.tools.checkstyle.checks.regexp.RegexpSinglelineCheck"/>
<error line="106" severity="error" message="Line has trailing spaces." source="com.puppycrawl.tools.checkstyle.checks.regexp.RegexpSinglelineCheck"/>
<error line="108" severity="error" message="Line has trailing spaces." source="com.puppycrawl.tools.checkstyle.checks.regexp.RegexpSinglelineCheck"/>
<error line="109" column="5" severity="error" message="Missing a Javadoc comment." source="com.puppycrawl.tools.checkstyle.checks.javadoc.JavadocVariableCheck"/>
<error line="109" column="15" severity="error" message="Name &apos;LEFT_PADDING&apos; must match pattern &apos;^[a-z][a-zA-Z0-9]*$&apos;." source="com.puppycrawl.tools.checkstyle.checks.naming.MemberNameCheck"/>
<error line="109" column="15" severity="error" message="Variable &apos;LEFT_PADDING&apos; must be private and have accessor methods." source="com.puppycrawl.tools.checkstyle.checks.design.VisibilityModifierCheck"/>
<error line="110" column="5" severity="error" message="Missing a Javadoc comment." source="com.puppycrawl.tools.checkstyle.checks.javadoc.JavadocVariableCheck"/>
<error line="110" column="15" severity="error" message="Name &apos;TOP_PADDING&apos; must match pattern &apos;^[a-z][a-zA-Z0-9]*$&apos;." source="com.puppycrawl.tools.checkstyle.checks.naming.MemberNameCheck"/>
<error line="110" column="15" severity="error" message="Variable &apos;TOP_PADDING&apos; must be private and have accessor methods." source="com.puppycrawl.tools.checkstyle.checks.design.VisibilityModifierCheck"/>
<error line="111" column="5" severity="error" message="Missing a Javadoc comment." source="com.puppycrawl.tools.checkstyle.checks.javadoc.JavadocVariableCheck"/>
<error line="111" column="15" severity="error" message="Name &apos;LABEL_COMPONENT_PADDING&apos; must match pattern &apos;^[a-z][a-zA-Z0-9]*$&apos;." source="com.puppycrawl.tools.checkstyle.checks.naming.MemberNameCheck"/>
<error line="111" column="15" severity="error" message="Variable &apos;LABEL_COMPONENT_PADDING&apos; must be private and have accessor methods." source="com.puppycrawl.tools.checkstyle.checks.design.VisibilityModifierCheck"/>
<error line="112" column="5" severity="error" message="Missing a Javadoc comment." source="com.puppycrawl.tools.checkstyle.checks.javadoc.JavadocVariableCheck"/>
<error line="112" column="15" severity="error" message="Name &apos;PADDING_VERTICAL&apos; must match pattern &apos;^[a-z][a-zA-Z0-9]*$&apos;." source="com.puppycrawl.tools.checkstyle.checks.naming.MemberNameCheck"/>
<error line="112" column="15" severity="error" message="Variable &apos;PADDING_VERTICAL&apos; must be private and have accessor methods." source="com.puppycrawl.tools.checkstyle.checks.design.VisibilityModifierCheck"/>
<error line="113" column="5" severity="error" message="Missing a Javadoc comment." source="com.puppycrawl.tools.checkstyle.checks.javadoc.JavadocVariableCheck"/>
<error line="113" column="15" severity="error" message="Name &apos;PADDING_HORIZATION&apos; must match pattern &apos;^[a-z][a-zA-Z0-9]*$&apos;." source="com.puppycrawl.tools.checkstyle.checks.naming.MemberNameCheck"/>
<error line="113" column="15" severity="error" message="Variable &apos;PADDING_HORIZATION&apos; must be private and have accessor methods." source="com.puppycrawl.tools.checkstyle.checks.design.VisibilityModifierCheck"/>
<error line="114" severity="error" message="Line has trailing spaces." source="com.puppycrawl.tools.checkstyle.checks.regexp.RegexpSinglelineCheck"/>
<error line="115" column="5" severity="error" message="Missing a Javadoc comment." source="com.puppycrawl.tools.checkstyle.checks.javadoc.JavadocVariableCheck"/>
<error line="115" column="15" severity="error" message="Name &apos;LABEL_WIDTH&apos; must match pattern &apos;^[a-z][a-zA-Z0-9]*$&apos;." source="com.puppycrawl.tools.checkstyle.checks.naming.MemberNameCheck"/>
<error line="115" column="15" severity="error" message="Variable &apos;LABEL_WIDTH&apos; must be private and have accessor methods." source="com.puppycrawl.tools.checkstyle.checks.design.VisibilityModifierCheck"/>
<error line="116" column="5" severity="error" message="Missing a Javadoc comment." source="com.puppycrawl.tools.checkstyle.checks.javadoc.JavadocVariableCheck"/>
<error line="116" column="15" severity="error" message="Name &apos;LABEL_HEIGHT&apos; must match pattern &apos;^[a-z][a-zA-Z0-9]*$&apos;." source="com.puppycrawl.tools.checkstyle.checks.naming.MemberNameCheck"/>
<error line="116" column="15" severity="error" message="Variable &apos;LABEL_HEIGHT&apos; must be private and have accessor methods." source="com.puppycrawl.tools.checkstyle.checks.design.VisibilityModifierCheck"/>
<error line="117" severity="error" message="Line has trailing spaces." source="com.puppycrawl.tools.checkstyle.checks.regexp.RegexpSinglelineCheck"/>
<error line="118" severity="error" message="Line has trailing spaces." source="com.puppycrawl.tools.checkstyle.checks.regexp.RegexpSinglelineCheck"/>
<error line="119" column="5" severity="error" message="Missing a Javadoc comment." source="com.puppycrawl.tools.checkstyle.checks.javadoc.JavadocVariableCheck"/>
<error line="119" column="15" severity="error" message="Name &apos;TEXTFILED_WIDTH&apos; must match pattern &apos;^[a-z][a-zA-Z0-9]*$&apos;." source="com.puppycrawl.tools.checkstyle.checks.naming.MemberNameCheck"/>
<error line="119" column="15" severity="error" message="Variable &apos;TEXTFILED_WIDTH&apos; must be private and have accessor methods." source="com.puppycrawl.tools.checkstyle.checks.design.VisibilityModifierCheck"/>
<error line="120" column="5" severity="error" message="Missing a Javadoc comment." source="com.puppycrawl.tools.checkstyle.checks.javadoc.JavadocVariableCheck"/>
<error line="120" column="15" severity="error" message="Name &apos;TEXTFILED_HEIGHT&apos; must match pattern &apos;^[a-z][a-zA-Z0-9]*$&apos;." source="com.puppycrawl.tools.checkstyle.checks.naming.MemberNameCheck"/>
<error line="120" column="15" severity="error" message="Variable &apos;TEXTFILED_HEIGHT&apos; must be private and have accessor methods." source="com.puppycrawl.tools.checkstyle.checks.design.VisibilityModifierCheck"/>
<error line="121" severity="error" message="Line has trailing spaces." source="com.puppycrawl.tools.checkstyle.checks.regexp.RegexpSinglelineCheck"/>
<error line="122" severity="error" message="Missing a Javadoc comment." source="com.puppycrawl.tools.checkstyle.checks.javadoc.JavadocTypeCheck"/>
<error line="123" column="9" severity="error" message="Missing a Javadoc comment." source="com.puppycrawl.tools.checkstyle.checks.javadoc.JavadocVariableCheck"/>
<error line="124" column="9" severity="error" message="Missing a Javadoc comment." source="com.puppycrawl.tools.checkstyle.checks.javadoc.JavadocVariableCheck"/>
<error line="125" column="9" severity="error" message="Missing a Javadoc comment." source="com.puppycrawl.tools.checkstyle.checks.javadoc.JavadocVariableCheck"/>
<error line="126" column="9" severity="error" message="Missing a Javadoc comment." source="com.puppycrawl.tools.checkstyle.checks.javadoc.JavadocVariableCheck"/>
<error line="127" column="9" severity="error" message="Missing a Javadoc comment." source="com.puppycrawl.tools.checkstyle.checks.javadoc.JavadocVariableCheck"/>
<error line="128" column="9" severity="error" message="Missing a Javadoc comment." source="com.puppycrawl.tools.checkstyle.checks.javadoc.JavadocVariableCheck"/>
<error line="129" column="9" severity="error" message="Missing a Javadoc comment." source="com.puppycrawl.tools.checkstyle.checks.javadoc.JavadocVariableCheck"/>
<error line="130" column="9" severity="error" message="Missing a Javadoc comment." source="com.puppycrawl.tools.checkstyle.checks.javadoc.JavadocVariableCheck"/>
<error line="131" column="9" severity="error" message="Missing a Javadoc comment." source="com.puppycrawl.tools.checkstyle.checks.javadoc.JavadocVariableCheck"/>
<error line="132" column="9" severity="error" message="Missing a Javadoc comment." source="com.puppycrawl.tools.checkstyle.checks.javadoc.JavadocVariableCheck"/>
<error line="134" column="9" severity="error" message="Missing a Javadoc comment." source="com.puppycrawl.tools.checkstyle.checks.javadoc.JavadocMethodCheck"/>
<error line="136" severity="error" message="Line has trailing spaces." source="com.puppycrawl.tools.checkstyle.checks.regexp.RegexpSinglelineCheck"/>
<error line="137" severity="error" message="Line is longer than 80 characters (found 86)." source="com.puppycrawl.tools.checkstyle.checks.sizes.LineLengthCheck"/>
<error line="139" severity="error" message="Line has trailing spaces." source="com.puppycrawl.tools.checkstyle.checks.regexp.RegexpSinglelineCheck"/>
<error line="139" severity="error" message="Line is longer than 80 characters (found 91)." source="com.puppycrawl.tools.checkstyle.checks.sizes.LineLengthCheck"/>
<error line="140" severity="error" message="Line has trailing spaces." source="com.puppycrawl.tools.checkstyle.checks.regexp.RegexpSinglelineCheck"/>
<error line="141" severity="error" message="Line has trailing spaces." source="com.puppycrawl.tools.checkstyle.checks.regexp.RegexpSinglelineCheck"/>
<error line="145" severity="error" message="Line has trailing spaces." source="com.puppycrawl.tools.checkstyle.checks.regexp.RegexpSinglelineCheck"/>
<error line="145" severity="error" message="Line is longer than 80 characters (found 94)." source="com.puppycrawl.tools.checkstyle.checks.sizes.LineLengthCheck"/>
<error line="146" severity="error" message="Line has trailing spaces." source="com.puppycrawl.tools.checkstyle.checks.regexp.RegexpSinglelineCheck"/>
<error line="147" severity="error" message="Line has trailing spaces." source="com.puppycrawl.tools.checkstyle.checks.regexp.RegexpSinglelineCheck"/>
<error line="151" severity="error" message="Line has trailing spaces." source="com.puppycrawl.tools.checkstyle.checks.regexp.RegexpSinglelineCheck"/>
<error line="151" severity="error" message="Line is longer than 80 characters (found 97)." source="com.puppycrawl.tools.checkstyle.checks.sizes.LineLengthCheck"/>
<error line="152" severity="error" message="Line has trailing spaces." source="com.puppycrawl.tools.checkstyle.checks.regexp.RegexpSinglelineCheck"/>
<error line="153" severity="error" message="Line has trailing spaces." source="com.puppycrawl.tools.checkstyle.checks.regexp.RegexpSinglelineCheck"/>
<error line="157" severity="error" message="Line has trailing spaces." source="com.puppycrawl.tools.checkstyle.checks.regexp.RegexpSinglelineCheck"/>
<error line="158" severity="error" message="Line has trailing spaces." source="com.puppycrawl.tools.checkstyle.checks.regexp.RegexpSinglelineCheck"/>
<error line="158" severity="error" message="Line is longer than 80 characters (found 81)." source="com.puppycrawl.tools.checkstyle.checks.sizes.LineLengthCheck"/>
<error line="158" column="41" severity="error" message="&apos;+&apos; is not preceded with whitespace." source="com.puppycrawl.tools.checkstyle.checks.whitespace.WhitespaceAroundCheck"/>
<error line="158" column="42" severity="error" message="&apos;+&apos; is not followed by whitespace." source="com.puppycrawl.tools.checkstyle.checks.whitespace.WhitespaceAroundCheck"/>
<error line="158" column="63" severity="error" message="&apos;+&apos; is not preceded with whitespace." source="com.puppycrawl.tools.checkstyle.checks.whitespace.WhitespaceAroundCheck"/>
<error line="158" column="64" severity="error" message="&apos;+&apos; is not followed by whitespace." source="com.puppycrawl.tools.checkstyle.checks.whitespace.WhitespaceAroundCheck"/>
<error line="159" severity="error" message="Line has trailing spaces." source="com.puppycrawl.tools.checkstyle.checks.regexp.RegexpSinglelineCheck"/>
<error line="163" severity="error" message="Line has trailing spaces." source="com.puppycrawl.tools.checkstyle.checks.regexp.RegexpSinglelineCheck"/>
<error line="164" severity="error" message="Line has trailing spaces." source="com.puppycrawl.tools.checkstyle.checks.regexp.RegexpSinglelineCheck"/>
<error line="165" severity="error" message="Line has trailing spaces." source="com.puppycrawl.tools.checkstyle.checks.regexp.RegexpSinglelineCheck"/>
<error line="169" severity="error" message="Line has trailing spaces." source="com.puppycrawl.tools.checkstyle.checks.regexp.RegexpSinglelineCheck"/>
<error line="170" severity="error" message="Line has trailing spaces." source="com.puppycrawl.tools.checkstyle.checks.regexp.RegexpSinglelineCheck"/>
<error line="171" severity="error" message="Line has trailing spaces." source="com.puppycrawl.tools.checkstyle.checks.regexp.RegexpSinglelineCheck"/>
<error line="175" severity="error" message="Line has trailing spaces." source="com.puppycrawl.tools.checkstyle.checks.regexp.RegexpSinglelineCheck"/>
<error line="176" severity="error" message="Line has trailing spaces." source="com.puppycrawl.tools.checkstyle.checks.regexp.RegexpSinglelineCheck"/>
<error line="177" severity="error" message="Line has trailing spaces." source="com.puppycrawl.tools.checkstyle.checks.regexp.RegexpSinglelineCheck"/>
<error line="181" severity="error" message="Line has trailing spaces." source="com.puppycrawl.tools.checkstyle.checks.regexp.RegexpSinglelineCheck"/>
<error line="182" severity="error" message="Line is longer than 80 characters (found 86)." source="com.puppycrawl.tools.checkstyle.checks.sizes.LineLengthCheck"/>
<error line="182" column="44" severity="error" message="&apos;+&apos; is not preceded with whitespace." source="com.puppycrawl.tools.checkstyle.checks.whitespace.WhitespaceAroundCheck"/>
<error line="182" column="45" severity="error" message="&apos;+&apos; is not followed by whitespace." source="com.puppycrawl.tools.checkstyle.checks.whitespace.WhitespaceAroundCheck"/>
<error line="182" column="69" severity="error" message="&apos;+&apos; is not preceded with whitespace." source="com.puppycrawl.tools.checkstyle.checks.whitespace.WhitespaceAroundCheck"/>
<error line="182" column="70" severity="error" message="&apos;+&apos; is not followed by whitespace." source="com.puppycrawl.tools.checkstyle.checks.whitespace.WhitespaceAroundCheck"/>
<error line="183" severity="error" message="Line has trailing spaces." source="com.puppycrawl.tools.checkstyle.checks.regexp.RegexpSinglelineCheck"/>
<error line="188" severity="error" message="Line has trailing spaces." source="com.puppycrawl.tools.checkstyle.checks.regexp.RegexpSinglelineCheck"/>
<error line="189" severity="error" message="Line has trailing spaces." source="com.puppycrawl.tools.checkstyle.checks.regexp.RegexpSinglelineCheck"/>
<error line="206" severity="error" message="Line has trailing spaces." source="com.puppycrawl.tools.checkstyle.checks.regexp.RegexpSinglelineCheck"/>
<error line="207" severity="error" message="Missing a Javadoc comment." source="com.puppycrawl.tools.checkstyle.checks.javadoc.JavadocTypeCheck"/>
<error line="207" column="40" severity="error" message="&apos;{&apos; is not preceded with whitespace." source="com.puppycrawl.tools.checkstyle.checks.whitespace.WhitespaceAroundCheck"/>
<error line="208" severity="error" message="Line has trailing spaces." source="com.puppycrawl.tools.checkstyle.checks.regexp.RegexpSinglelineCheck"/>
<error line="209" column="11" severity="error" message="Missing a Javadoc comment." source="com.puppycrawl.tools.checkstyle.checks.javadoc.JavadocVariableCheck"/>
<error line="210" column="7" severity="error" message="Missing a Javadoc comment." source="com.puppycrawl.tools.checkstyle.checks.javadoc.JavadocVariableCheck"/>
<error line="211" column="7" severity="error" message="Missing a Javadoc comment." source="com.puppycrawl.tools.checkstyle.checks.javadoc.JavadocVariableCheck"/>
<error line="212" column="7" severity="error" message="Missing a Javadoc comment." source="com.puppycrawl.tools.checkstyle.checks.javadoc.JavadocVariableCheck"/>
<error line="213" column="7" severity="error" message="Missing a Javadoc comment." source="com.puppycrawl.tools.checkstyle.checks.javadoc.JavadocVariableCheck"/>
<error line="214" column="7" severity="error" message="Missing a Javadoc comment." source="com.puppycrawl.tools.checkstyle.checks.javadoc.JavadocVariableCheck"/>
<error line="215" column="7" severity="error" message="Missing a Javadoc comment." source="com.puppycrawl.tools.checkstyle.checks.javadoc.JavadocVariableCheck"/>
<error line="216" column="7" severity="error" message="Missing a Javadoc comment." source="com.puppycrawl.tools.checkstyle.checks.javadoc.JavadocVariableCheck"/>
<error line="217" severity="error" message="Line has trailing spaces." source="com.puppycrawl.tools.checkstyle.checks.regexp.RegexpSinglelineCheck"/>
<error line="218" column="9" severity="error" message="Missing a Javadoc comment." source="com.puppycrawl.tools.checkstyle.checks.javadoc.JavadocMethodCheck"/>
<error line="220" severity="error" message="Line has trailing spaces." source="com.puppycrawl.tools.checkstyle.checks.regexp.RegexpSinglelineCheck"/>
<error line="221" severity="error" message="Line is longer than 80 characters (found 90)." source="com.puppycrawl.tools.checkstyle.checks.sizes.LineLengthCheck"/>
<error line="223" severity="error" message="Line has trailing spaces." source="com.puppycrawl.tools.checkstyle.checks.regexp.RegexpSinglelineCheck"/>
<error line="223" severity="error" message="Line is longer than 80 characters (found 99)." source="com.puppycrawl.tools.checkstyle.checks.sizes.LineLengthCheck"/>
<error line="224" severity="error" message="Line has trailing spaces." source="com.puppycrawl.tools.checkstyle.checks.regexp.RegexpSinglelineCheck"/>
<error line="225" severity="error" message="Line has trailing spaces." source="com.puppycrawl.tools.checkstyle.checks.regexp.RegexpSinglelineCheck"/>
<error line="229" severity="error" message="Line has trailing spaces." source="com.puppycrawl.tools.checkstyle.checks.regexp.RegexpSinglelineCheck"/>
<error line="229" severity="error" message="Line is longer than 80 characters (found 102)." source="com.puppycrawl.tools.checkstyle.checks.sizes.LineLengthCheck"/>
<error line="230" severity="error" message="Line has trailing spaces." source="com.puppycrawl.tools.checkstyle.checks.regexp.RegexpSinglelineCheck"/>
<error line="231" severity="error" message="Line has trailing spaces." source="com.puppycrawl.tools.checkstyle.checks.regexp.RegexpSinglelineCheck"/>
<error line="235" severity="error" message="Line has trailing spaces." source="com.puppycrawl.tools.checkstyle.checks.regexp.RegexpSinglelineCheck"/>
<error line="235" severity="error" message="Line is longer than 80 characters (found 103)." source="com.puppycrawl.tools.checkstyle.checks.sizes.LineLengthCheck"/>
<error line="236" severity="error" message="Line has trailing spaces." source="com.puppycrawl.tools.checkstyle.checks.regexp.RegexpSinglelineCheck"/>
<error line="237" severity="error" message="Line has trailing spaces." source="com.puppycrawl.tools.checkstyle.checks.regexp.RegexpSinglelineCheck"/>
<error line="241" severity="error" message="Line has trailing spaces." source="com.puppycrawl.tools.checkstyle.checks.regexp.RegexpSinglelineCheck"/>
<error line="242" severity="error" message="Line has trailing spaces." source="com.puppycrawl.tools.checkstyle.checks.regexp.RegexpSinglelineCheck"/>
<error line="242" severity="error" message="Line is longer than 80 characters (found 89)." source="com.puppycrawl.tools.checkstyle.checks.sizes.LineLengthCheck"/>
<error line="242" column="49" severity="error" message="&apos;+&apos; is not preceded with whitespace." source="com.puppycrawl.tools.checkstyle.checks.whitespace.WhitespaceAroundCheck"/>
<error line="242" column="50" severity="error" message="&apos;+&apos; is not followed by whitespace." source="com.puppycrawl.tools.checkstyle.checks.whitespace.WhitespaceAroundCheck"/>
<error line="242" column="71" severity="error" message="&apos;+&apos; is not preceded with whitespace." source="com.puppycrawl.tools.checkstyle.checks.whitespace.WhitespaceAroundCheck"/>
<error line="242" column="72" severity="error" message="&apos;+&apos; is not followed by whitespace." source="com.puppycrawl.tools.checkstyle.checks.whitespace.WhitespaceAroundCheck"/>
<error line="243" severity="error" message="Line has trailing spaces." source="com.puppycrawl.tools.checkstyle.checks.regexp.RegexpSinglelineCheck"/>
<error line="247" severity="error" message="Line has trailing spaces." source="com.puppycrawl.tools.checkstyle.checks.regexp.RegexpSinglelineCheck"/>
<error line="248" severity="error" message="Line has trailing spaces." source="com.puppycrawl.tools.checkstyle.checks.regexp.RegexpSinglelineCheck"/>
<error line="249" severity="error" message="Line has trailing spaces." source="com.puppycrawl.tools.checkstyle.checks.regexp.RegexpSinglelineCheck"/>
<error line="253" severity="error" message="Line has trailing spaces." source="com.puppycrawl.tools.checkstyle.checks.regexp.RegexpSinglelineCheck"/>
<error line="254" severity="error" message="Line has trailing spaces." source="com.puppycrawl.tools.checkstyle.checks.regexp.RegexpSinglelineCheck"/>
<error line="255" severity="error" message="Line has trailing spaces." source="com.puppycrawl.tools.checkstyle.checks.regexp.RegexpSinglelineCheck"/>
<error line="259" severity="error" message="Line has trailing spaces." source="com.puppycrawl.tools.checkstyle.checks.regexp.RegexpSinglelineCheck"/>
<error line="260" severity="error" message="Line has trailing spaces." source="com.puppycrawl.tools.checkstyle.checks.regexp.RegexpSinglelineCheck"/>
<error line="261" severity="error" message="Line has trailing spaces." source="com.puppycrawl.tools.checkstyle.checks.regexp.RegexpSinglelineCheck"/>
<error line="264" severity="error" message="Line has trailing spaces." source="com.puppycrawl.tools.checkstyle.checks.regexp.RegexpSinglelineCheck"/>
<error line="275" severity="error" message="Line has trailing spaces." source="com.puppycrawl.tools.checkstyle.checks.regexp.RegexpSinglelineCheck"/>
<error line="276" severity="error" message="Missing a Javadoc comment." source="com.puppycrawl.tools.checkstyle.checks.javadoc.JavadocTypeCheck"/>
<error line="276" column="42" severity="error" message="&apos;{&apos; is not preceded with whitespace." source="com.puppycrawl.tools.checkstyle.checks.whitespace.WhitespaceAroundCheck"/>
<error line="277" severity="error" message="Line has trailing spaces." source="com.puppycrawl.tools.checkstyle.checks.regexp.RegexpSinglelineCheck"/>
<error line="278" column="9" severity="error" message="Missing a Javadoc comment." source="com.puppycrawl.tools.checkstyle.checks.javadoc.JavadocVariableCheck"/>
<error line="279" column="9" severity="error" message="Missing a Javadoc comment." source="com.puppycrawl.tools.checkstyle.checks.javadoc.JavadocVariableCheck"/>
<error line="280" severity="error" message="Line has trailing spaces." source="com.puppycrawl.tools.checkstyle.checks.regexp.RegexpSinglelineCheck"/>
<error line="281" column="9" severity="error" message="Missing a Javadoc comment." source="com.puppycrawl.tools.checkstyle.checks.javadoc.JavadocVariableCheck"/>
<error line="282" severity="error" message="Line is longer than 80 characters (found 83)." source="com.puppycrawl.tools.checkstyle.checks.sizes.LineLengthCheck"/>
<error line="282" column="9" severity="error" message="Missing a Javadoc comment." source="com.puppycrawl.tools.checkstyle.checks.javadoc.JavadocVariableCheck"/>
<error line="283" severity="error" message="Line has trailing spaces." source="com.puppycrawl.tools.checkstyle.checks.regexp.RegexpSinglelineCheck"/>
<error line="284" severity="error" message="Line is longer than 80 characters (found 81)." source="com.puppycrawl.tools.checkstyle.checks.sizes.LineLengthCheck"/>
<error line="284" column="9" severity="error" message="Missing a Javadoc comment." source="com.puppycrawl.tools.checkstyle.checks.javadoc.JavadocVariableCheck"/>
<error line="285" column="9" severity="error" message="Missing a Javadoc comment." source="com.puppycrawl.tools.checkstyle.checks.javadoc.JavadocVariableCheck"/>
<error line="286" severity="error" message="Line has trailing spaces." source="com.puppycrawl.tools.checkstyle.checks.regexp.RegexpSinglelineCheck"/>
<error line="287" column="9" severity="error" message="Missing a Javadoc comment." source="com.puppycrawl.tools.checkstyle.checks.javadoc.JavadocMethodCheck"/>
<error line="287" column="27" severity="error" message="&apos;{&apos; is not preceded with whitespace." source="com.puppycrawl.tools.checkstyle.checks.whitespace.WhitespaceAroundCheck"/>
<error line="289" severity="error" message="Line has trailing spaces." source="com.puppycrawl.tools.checkstyle.checks.regexp.RegexpSinglelineCheck"/>
<error line="290" severity="error" message="Line is longer than 80 characters (found 93)." source="com.puppycrawl.tools.checkstyle.checks.sizes.LineLengthCheck"/>
<error line="292" severity="error" message="Line has trailing spaces." source="com.puppycrawl.tools.checkstyle.checks.regexp.RegexpSinglelineCheck"/>
<error line="292" severity="error" message="Line is longer than 80 characters (found 105)." source="com.puppycrawl.tools.checkstyle.checks.sizes.LineLengthCheck"/>
<error line="293" severity="error" message="Line has trailing spaces." source="com.puppycrawl.tools.checkstyle.checks.regexp.RegexpSinglelineCheck"/>
<error line="294" severity="error" message="Line has trailing spaces." source="com.puppycrawl.tools.checkstyle.checks.regexp.RegexpSinglelineCheck"/>
<error line="297" severity="error" message="Line has trailing spaces." source="com.puppycrawl.tools.checkstyle.checks.regexp.RegexpSinglelineCheck"/>
<error line="299" severity="error" message="Line has trailing spaces." source="com.puppycrawl.tools.checkstyle.checks.regexp.RegexpSinglelineCheck"/>
<error line="300" severity="error" message="Line has trailing spaces." source="com.puppycrawl.tools.checkstyle.checks.regexp.RegexpSinglelineCheck"/>
<error line="300" severity="error" message="Line is longer than 80 characters (found 106)." source="com.puppycrawl.tools.checkstyle.checks.sizes.LineLengthCheck"/>
<error line="301" severity="error" message="Line has trailing spaces." source="com.puppycrawl.tools.checkstyle.checks.regexp.RegexpSinglelineCheck"/>
<error line="308" severity="error" message="Line has trailing spaces." source="com.puppycrawl.tools.checkstyle.checks.regexp.RegexpSinglelineCheck"/>
<error line="308" severity="error" message="Line is longer than 80 characters (found 99)." source="com.puppycrawl.tools.checkstyle.checks.sizes.LineLengthCheck"/>
<error line="309" severity="error" message="Line has trailing spaces." source="com.puppycrawl.tools.checkstyle.checks.regexp.RegexpSinglelineCheck"/>
<error line="310" severity="error" message="Line has trailing spaces." source="com.puppycrawl.tools.checkstyle.checks.regexp.RegexpSinglelineCheck"/>
<error line="313" severity="error" message="Line has trailing spaces." source="com.puppycrawl.tools.checkstyle.checks.regexp.RegexpSinglelineCheck"/>
<error line="315" severity="error" message="Line has trailing spaces." source="com.puppycrawl.tools.checkstyle.checks.regexp.RegexpSinglelineCheck"/>
<error line="316" severity="error" message="Line has trailing spaces." source="com.puppycrawl.tools.checkstyle.checks.regexp.RegexpSinglelineCheck"/>
<error line="316" severity="error" message="Line is longer than 80 characters (found 89)." source="com.puppycrawl.tools.checkstyle.checks.sizes.LineLengthCheck"/>
<error line="316" column="49" severity="error" message="&apos;+&apos; is not preceded with whitespace." source="com.puppycrawl.tools.checkstyle.checks.whitespace.WhitespaceAroundCheck"/>
<error line="316" column="50" severity="error" message="&apos;+&apos; is not followed by whitespace." source="com.puppycrawl.tools.checkstyle.checks.whitespace.WhitespaceAroundCheck"/>
<error line="316" column="71" severity="error" message="&apos;+&apos; is not preceded with whitespace." source="com.puppycrawl.tools.checkstyle.checks.whitespace.WhitespaceAroundCheck"/>
<error line="316" column="72" severity="error" message="&apos;+&apos; is not followed by whitespace." source="com.puppycrawl.tools.checkstyle.checks.whitespace.WhitespaceAroundCheck"/>
<error line="317" severity="error" message="Line has trailing spaces." source="com.puppycrawl.tools.checkstyle.checks.regexp.RegexpSinglelineCheck"/>
<error line="321" severity="error" message="Line has trailing spaces." source="com.puppycrawl.tools.checkstyle.checks.regexp.RegexpSinglelineCheck"/>
<error line="322" severity="error" message="Line has trailing spaces." source="com.puppycrawl.tools.checkstyle.checks.regexp.RegexpSinglelineCheck"/>
<error line="323" severity="error" message="Line has trailing spaces." source="com.puppycrawl.tools.checkstyle.checks.regexp.RegexpSinglelineCheck"/>
<error line="334" severity="error" message="Line has trailing spaces." source="com.puppycrawl.tools.checkstyle.checks.regexp.RegexpSinglelineCheck"/>
</file>
<file name="G:\nju\学习\SE2\SE2TEAM_doc\express-demo-master-master\client\src\main\java\edu\nju\expressMgmtSys\view\ClientFrame.java">
<error line="0" severity="error" message="File does not end with a newline." source="com.puppycrawl.tools.checkstyle.checks.NewlineAtEndOfFileCheck"/>
<error line="6" severity="error" message="Missing a Javadoc comment." source="com.puppycrawl.tools.checkstyle.checks.javadoc.JavadocTypeCheck"/>
<error line="6" column="40" severity="error" message="&apos;{&apos; is not preceded with whitespace." source="com.puppycrawl.tools.checkstyle.checks.whitespace.WhitespaceAroundCheck"/>
<error line="8" column="5" severity="error" message="Missing a Javadoc comment." source="com.puppycrawl.tools.checkstyle.checks.javadoc.JavadocMethodCheck"/>
<error line="9" column="22" severity="error" message="&apos;800&apos; is a magic number." source="com.puppycrawl.tools.checkstyle.checks.coding.MagicNumberCheck"/>
<error line="9" column="27" severity="error" message="&apos;300&apos; is a magic number." source="com.puppycrawl.tools.checkstyle.checks.coding.MagicNumberCheck"/>
</file>
<file name="G:\nju\学习\SE2\SE2TEAM_doc\express-demo-master-master\client\src\main\java\edu\nju\expressMgmtSys\view\ShowOrderPanel.java">
<error line="0" severity="error" message="File does not end with a newline." source="com.puppycrawl.tools.checkstyle.checks.NewlineAtEndOfFileCheck"/>
<error line="18" severity="error" message="Missing a Javadoc comment." source="com.puppycrawl.tools.checkstyle.checks.javadoc.JavadocTypeCheck"/>
<error line="18" column="43" severity="error" message="&apos;{&apos; is not preceded with whitespace." source="com.puppycrawl.tools.checkstyle.checks.whitespace.WhitespaceAroundCheck"/>
<error line="19" column="5" severity="error" message="Missing a Javadoc comment." source="com.puppycrawl.tools.checkstyle.checks.javadoc.JavadocVariableCheck"/>
<error line="20" severity="error" message="Line is longer than 80 characters (found 93)." source="com.puppycrawl.tools.checkstyle.checks.sizes.LineLengthCheck"/>
<error line="22" column="5" severity="error" message="Missing a Javadoc comment." source="com.puppycrawl.tools.checkstyle.checks.javadoc.JavadocVariableCheck"/>
<error line="23" column="5" severity="error" message="Missing a Javadoc comment." source="com.puppycrawl.tools.checkstyle.checks.javadoc.JavadocVariableCheck"/>
<error line="24" column="5" severity="error" message="Missing a Javadoc comment." source="com.puppycrawl.tools.checkstyle.checks.javadoc.JavadocVariableCheck"/>
<error line="26" column="5" severity="error" message="Missing a Javadoc comment." source="com.puppycrawl.tools.checkstyle.checks.javadoc.JavadocVariableCheck"/>
<error line="28" column="5" severity="error" message="Missing a Javadoc comment." source="com.puppycrawl.tools.checkstyle.checks.javadoc.JavadocMethodCheck"/>
<error line="38" column="41" severity="error" message="Parameter e should be final." source="com.puppycrawl.tools.checkstyle.checks.FinalParametersCheck"/>
<error line="42" severity="error" message="Line has trailing spaces." source="com.puppycrawl.tools.checkstyle.checks.regexp.RegexpSinglelineCheck"/>
<error line="47" severity="error" message="Line has trailing spaces." source="com.puppycrawl.tools.checkstyle.checks.regexp.RegexpSinglelineCheck"/>
<error line="48" column="5" severity="error" message="Method &apos;refresh&apos; is not designed for extension - needs to be abstract, final or empty." source="com.puppycrawl.tools.checkstyle.checks.design.DesignForExtensionCheck"/>
<error line="48" column="5" severity="error" message="Missing a Javadoc comment." source="com.puppycrawl.tools.checkstyle.checks.javadoc.JavadocMethodCheck"/>
<error line="49" column="1" severity="error" message="File contains tab characters (this is the first instance)." source="com.puppycrawl.tools.checkstyle.checks.whitespace.FileTabCharacterCheck"/>
<error line="54" column="5" severity="error" message="Missing a Javadoc comment." source="com.puppycrawl.tools.checkstyle.checks.javadoc.JavadocMethodCheck"/>
<error line="65" column="5" severity="error" message="Missing a Javadoc comment." source="com.puppycrawl.tools.checkstyle.checks.javadoc.JavadocMethodCheck"/>
<error line="65" column="39" severity="error" message="Parameter expressOrder should be final." source="com.puppycrawl.tools.checkstyle.checks.FinalParametersCheck"/>
<error line="70" column="15" severity="error" message="&apos;3&apos; is a magic number." source="com.puppycrawl.tools.checkstyle.checks.coding.MagicNumberCheck"/>
<error line="71" column="15" severity="error" message="&apos;4&apos; is a magic number." source="com.puppycrawl.tools.checkstyle.checks.coding.MagicNumberCheck"/>
<error line="72" column="15" severity="error" message="&apos;5&apos; is a magic number." source="com.puppycrawl.tools.checkstyle.checks.coding.MagicNumberCheck"/>
<error line="73" column="15" severity="error" message="&apos;6&apos; is a magic number." source="com.puppycrawl.tools.checkstyle.checks.coding.MagicNumberCheck"/>
</file>
</checkstyle>
